TrialIndex,SessionIndex,TargetRule,Choice,CuePosition,Reward,Group,Overtrain,RT,RuleChangeTrials,NewSessionTrials,StartDate
1,1,go right,right,right,yes,notOT,no,0.6,0,0,06-Mar-2023
2,1,go right,right,left,yes,notOT,no,0.6,0,0,06-Mar-2023
3,1,go right,right,left,yes,notOT,no,0.6,0,0,06-Mar-2023
4,1,go right,right,right,yes,notOT,no,0.8,0,0,06-Mar-2023
5,1,go right,left,left,no,notOT,no,0.4,0,0,06-Mar-2023
6,1,go right,right,right,yes,notOT,no,0.6,0,0,06-Mar-2023
7,1,go right,left,left,no,notOT,no,0.6,0,0,06-Mar-2023
8,1,go right,right,right,yes,notOT,no,0.8,0,0,06-Mar-2023
9,1,go right,right,right,yes,notOT,no,0.8,0,0,06-Mar-2023
10,1,go right,left,left,no,notOT,no,0.4,0,0,06-Mar-2023
11,1,go right,right,right,yes,notOT,no,0.8,0,0,06-Mar-2023
12,1,go right,right,left,yes,notOT,no,0.6,0,0,06-Mar-2023
13,1,go right,right,right,yes,notOT,no,0.8,0,0,06-Mar-2023
14,1,go right,left,left,no,notOT,no,0.4,0,0,06-Mar-2023
15,1,go right,right,right,yes,notOT,no,0.4,0,0,06-Mar-2023
16,1,go right,right,left,yes,notOT,no,0.6,0,0,06-Mar-2023
17,1,go right,right,right,yes,notOT,no,0.6,0,0,06-Mar-2023
18,1,go right,right,left,yes,notOT,no,0.8,0,0,06-Mar-2023
19,1,go right,right,left,yes,notOT,no,0.8,0,0,06-Mar-2023
20,1,go right,right,right,yes,notOT,no,0.6,0,0,06-Mar-2023
21,1,go right,right,right,yes,notOT,no,0.6,0,0,06-Mar-2023
22,1,go right,left,left,no,notOT,no,0.4,0,0,06-Mar-2023
23,1,go right,right,left,yes,notOT,no,1.4,0,0,06-Mar-2023
24,1,go right,right,right,yes,notOT,no,0.6,0,0,06-Mar-2023
25,1,go right,right,left,yes,notOT,no,0.6,0,0,06-Mar-2023
26,1,go right,right,right,yes,notOT,no,0.6,0,0,06-Mar-2023
27,1,go right,right,right,yes,notOT,no,0.6,0,0,06-Mar-2023
28,1,go right,right,left,yes,notOT,no,0.6,0,0,06-Mar-2023
29,1,go right,right,left,yes,notOT,no,1,0,0,06-Mar-2023
30,1,go right,right,right,yes,notOT,no,0.4,0,0,06-Mar-2023
31,1,go right,right,right,yes,notOT,no,0.8,0,0,06-Mar-2023
32,1,go right,left,left,no,notOT,no,0.4,0,0,06-Mar-2023
33,1,go right,left,left,no,notOT,no,0.4,0,0,06-Mar-2023
34,1,go right,right,right,yes,notOT,no,0.6,0,0,06-Mar-2023
35,1,go right,right,right,yes,notOT,no,0.4,0,0,06-Mar-2023
36,1,go right,left,left,no,notOT,no,0.8,0,0,06-Mar-2023
37,1,go right,right,left,yes,notOT,no,0.8,0,0,06-Mar-2023
38,1,go right,right,right,yes,notOT,no,0.6,0,0,06-Mar-2023
39,1,go right,right,right,yes,notOT,no,1,0,0,06-Mar-2023
40,1,go right,right,left,yes,notOT,no,0.6,0,0,06-Mar-2023
41,1,go right,right,right,yes,notOT,no,0.4,0,0,06-Mar-2023
42,1,go right,right,left,yes,notOT,no,0.8,0,0,06-Mar-2023
43,1,go right,right,left,yes,notOT,no,0.8,0,0,06-Mar-2023
44,1,go right,right,right,yes,notOT,no,0.6,0,0,06-Mar-2023
45,1,go right,right,right,yes,notOT,no,0.6,0,0,06-Mar-2023
46,1,go right,right,left,yes,notOT,no,0.8,0,0,06-Mar-2023
47,3,go right,left,left,no,notOT,no,0.4,0,1,06-Apr-2023
48,3,go right,right,right,yes,notOT,no,0.8,0,0,06-Apr-2023
49,3,go right,right,left,yes,notOT,no,0.8,0,0,06-Apr-2023
50,3,go right,right,right,yes,notOT,no,1.4,0,0,06-Apr-2023
51,3,go right,right,right,yes,notOT,no,3.6,0,0,06-Apr-2023
52,3,go right,right,left,yes,notOT,no,0.6,0,0,06-Apr-2023
53,3,go right,right,right,yes,notOT,no,0.8,0,0,06-Apr-2023
54,3,go right,left,left,no,notOT,no,0.4,0,0,06-Apr-2023
55,3,go right,right,left,yes,notOT,no,0.6,0,0,06-Apr-2023
56,3,go right,right,right,yes,notOT,no,0.8,0,0,06-Apr-2023
57,3,go right,right,left,yes,notOT,no,0.6,0,0,06-Apr-2023
58,3,go right,right,right,yes,notOT,no,0.8,0,0,06-Apr-2023
59,3,go right,right,right,yes,notOT,no,0.8,0,0,06-Apr-2023
60,3,go right,right,left,yes,notOT,no,1.6,0,0,06-Apr-2023
61,3,go right,right,right,yes,notOT,no,0.6,0,0,06-Apr-2023
62,3,go right,right,left,yes,notOT,no,0.8,0,0,06-Apr-2023
63,3,go right,right,left,yes,notOT,no,0.6,0,0,06-Apr-2023
64,3,go right,right,right,yes,notOT,no,1,0,0,06-Apr-2023
65,3,go right,right,right,yes,notOT,no,0.8,0,0,06-Apr-2023
66,3,go right,right,left,yes,notOT,no,0.6,0,0,06-Apr-2023
67,3,go left,right,right,no,notOT,no,0.8,1,0,06-Apr-2023
68,3,go left,left,left,yes,notOT,no,0.4,0,0,06-Apr-2023
69,3,go left,right,right,no,notOT,no,0.6,0,0,06-Apr-2023
70,3,go left,right,left,no,notOT,no,0.6,0,0,06-Apr-2023
71,3,go left,right,left,no,notOT,no,0.8,0,0,06-Apr-2023
72,3,go left,right,right,no,notOT,no,0.6,0,0,06-Apr-2023
73,3,go left,right,right,no,notOT,no,1,0,0,06-Apr-2023
74,3,go left,right,left,no,notOT,no,0.8,0,0,06-Apr-2023
75,3,go left,left,right,yes,notOT,no,2.2,0,0,06-Apr-2023
76,3,go left,left,left,yes,notOT,no,0.4,0,0,06-Apr-2023
77,3,go left,right,right,no,notOT,no,0.6,0,0,06-Apr-2023
78,3,go left,left,left,yes,notOT,no,1.2,0,0,06-Apr-2023
79,3,go left,left,left,yes,notOT,no,0.8,0,0,06-Apr-2023
80,3,go left,right,right,no,notOT,no,1,0,0,06-Apr-2023
81,3,go left,right,right,no,notOT,no,1.2,0,0,06-Apr-2023
82,3,go left,right,left,no,notOT,no,0.8,0,0,06-Apr-2023
83,3,go left,left,left,yes,notOT,no,1,0,0,06-Apr-2023
84,3,go left,right,right,no,notOT,no,1.8,0,0,06-Apr-2023
85,3,go left,right,right,no,notOT,no,0.6,0,0,06-Apr-2023
86,3,go left,right,left,no,notOT,no,4.2,0,0,06-Apr-2023
87,3,go left,right,right,no,notOT,no,0.8,0,0,06-Apr-2023
88,3,go left,right,left,no,notOT,no,1,0,0,06-Apr-2023
89,3,go left,left,left,yes,notOT,no,0.6,0,0,06-Apr-2023
90,3,go left,left,right,yes,notOT,no,0.6,0,0,06-Apr-2023
91,3,go left,left,left,yes,notOT,no,1,0,0,06-Apr-2023
92,3,go left,right,right,no,notOT,no,0.8,0,0,06-Apr-2023
93,3,go left,right,left,no,notOT,no,0.8,0,0,06-Apr-2023
94,3,go left,right,right,no,notOT,no,0.8,0,0,06-Apr-2023
95,3,go left,right,left,no,notOT,no,1.6,0,0,06-Apr-2023
96,3,go left,right,right,no,notOT,no,4,0,0,06-Apr-2023
97,3,go left,right,left,no,notOT,no,1.2,0,0,06-Apr-2023
98,3,go left,right,right,no,notOT,no,0.8,0,0,06-Apr-2023
99,3,go left,right,left,no,notOT,no,0.6,0,0,06-Apr-2023
100,3,go left,left,right,yes,notOT,no,0.8,0,0,06-Apr-2023
101,3,go left,left,left,yes,notOT,no,1,0,0,06-Apr-2023
102,3,go left,left,right,yes,notOT,no,0.6,0,0,06-Apr-2023
103,3,go left,left,left,yes,notOT,no,2.2,0,0,06-Apr-2023
104,3,go left,right,right,no,notOT,no,3,0,0,06-Apr-2023
105,3,go left,left,left,yes,notOT,no,0.6,0,0,06-Apr-2023
106,3,go left,left,right,yes,notOT,no,0.6,0,0,06-Apr-2023
107,3,go left,right,left,no,notOT,no,1.8,0,0,06-Apr-2023
108,3,go left,right,right,no,notOT,no,0.8,0,0,06-Apr-2023
109,3,go left,right,left,no,notOT,no,1.2,0,0,06-Apr-2023
110,3,go left,right,right,no,notOT,no,1.6,0,0,06-Apr-2023
111,3,go left,right,right,no,notOT,no,0.4,0,0,06-Apr-2023
112,3,go left,left,left,yes,notOT,no,0.4,0,0,06-Apr-2023
113,3,go left,left,left,yes,notOT,no,0.6,0,0,06-Apr-2023
114,3,go left,right,right,no,notOT,no,0.8,0,0,06-Apr-2023
115,3,go left,left,left,yes,notOT,no,0.8,0,0,06-Apr-2023
116,3,go left,left,right,yes,notOT,no,0.6,0,0,06-Apr-2023
117,3,go left,left,right,yes,notOT,no,0.8,0,0,06-Apr-2023
118,3,go left,right,left,no,notOT,no,0.8,0,0,06-Apr-2023
119,3,go left,left,right,yes,notOT,no,0.6,0,0,06-Apr-2023
120,3,go left,left,left,yes,notOT,no,0.4,0,0,06-Apr-2023
121,3,go left,right,left,no,notOT,no,6.8,0,0,06-Apr-2023
122,3,go left,right,right,no,notOT,no,1.6,0,0,06-Apr-2023
123,3,go left,right,right,no,notOT,no,1.6,0,0,06-Apr-2023
124,3,go left,left,left,yes,notOT,no,0.4,0,0,06-Apr-2023
125,3,go left,left,right,yes,notOT,no,0.4,0,0,06-Apr-2023
126,3,go left,left,left,yes,notOT,no,0.6,0,0,06-Apr-2023
127,3,go left,left,right,yes,notOT,no,0.4,0,0,06-Apr-2023
128,3,go left,left,left,yes,notOT,no,0.6,0,0,06-Apr-2023
129,3,go left,left,left,yes,notOT,no,0.8,0,0,06-Apr-2023
130,3,go left,left,right,yes,notOT,no,0.4,0,0,06-Apr-2023
131,3,go left,left,right,yes,notOT,no,0.8,0,0,06-Apr-2023
132,3,go left,left,left,yes,notOT,no,0.8,0,0,06-Apr-2023
133,3,go left,left,right,yes,notOT,no,0.6,0,0,06-Apr-2023
134,5,go left,left,left,yes,notOT,no,0.4,0,1,06-May-2023
135,5,go left,left,right,yes,notOT,no,1.6,0,0,06-May-2023
136,5,go left,right,left,no,notOT,no,1.2,0,0,06-May-2023
137,5,go left,right,right,no,notOT,no,0.6,0,0,06-May-2023
138,5,go left,left,left,yes,notOT,no,0.4,0,0,06-May-2023
139,5,go left,omission,right,no,notOT,no,0,0,0,06-May-2023
140,5,go left,left,left,yes,notOT,no,0.4,0,0,06-May-2023
141,5,go left,right,right,no,notOT,no,1.6,0,0,06-May-2023
142,5,go left,left,right,yes,notOT,no,0.6,0,0,06-May-2023
143,5,go left,left,left,yes,notOT,no,0.6,0,0,06-May-2023
144,5,go left,left,left,yes,notOT,no,0.4,0,0,06-May-2023
145,5,go left,right,right,no,notOT,no,0.4,0,0,06-May-2023
146,5,go left,left,right,yes,notOT,no,0.4,0,0,06-May-2023
147,5,go left,left,left,yes,notOT,no,0.6,0,0,06-May-2023
148,5,go left,left,left,yes,notOT,no,0.4,0,0,06-May-2023
149,5,go left,right,right,no,notOT,no,0.6,0,0,06-May-2023
150,5,go left,left,right,yes,notOT,no,0.4,0,0,06-May-2023
151,5,go left,left,left,yes,notOT,no,0.4,0,0,06-May-2023
152,5,go left,left,right,yes,notOT,no,0.6,0,0,06-May-2023
153,5,go left,right,left,no,notOT,no,0.4,0,0,06-May-2023
154,5,go right,right,right,yes,notOT,no,0.6,1,0,06-May-2023
155,5,go right,left,left,no,notOT,no,0.8,0,0,06-May-2023
156,5,go right,left,left,no,notOT,no,0.6,0,0,06-May-2023
157,5,go right,right,right,yes,notOT,no,0.6,0,0,06-May-2023
158,5,go right,right,right,yes,notOT,no,0.8,0,0,06-May-2023
159,5,go right,left,left,no,notOT,no,0.4,0,0,06-May-2023
160,5,go right,left,right,no,notOT,no,0.4,0,0,06-May-2023
161,5,go right,right,left,yes,notOT,no,2,0,0,06-May-2023
162,5,go right,left,left,no,notOT,no,0.6,0,0,06-May-2023
163,5,go right,left,right,no,notOT,no,0.4,0,0,06-May-2023
164,5,go right,right,right,yes,notOT,no,0.4,0,0,06-May-2023
165,5,go right,right,left,yes,notOT,no,0.8,0,0,06-May-2023
166,5,go right,right,right,yes,notOT,no,4.6,0,0,06-May-2023
167,5,go right,right,left,yes,notOT,no,0.4,0,0,06-May-2023
168,5,go right,left,left,no,notOT,no,0.4,0,0,06-May-2023
169,5,go right,left,right,no,notOT,no,0.4,0,0,06-May-2023
170,5,go right,left,left,no,notOT,no,0.4,0,0,06-May-2023
171,5,go right,left,right,no,notOT,no,0.6,0,0,06-May-2023
172,5,go right,left,right,no,notOT,no,0.4,0,0,06-May-2023
173,5,go right,left,left,no,notOT,no,0.4,0,0,06-May-2023
174,5,go right,left,left,no,notOT,no,0.4,0,0,06-May-2023
175,5,go right,left,right,no,notOT,no,0.4,0,0,06-May-2023
176,5,go right,left,left,no,notOT,no,1.4,0,0,06-May-2023
177,5,go right,right,right,yes,notOT,no,1.2,0,0,06-May-2023
178,5,go right,right,left,yes,notOT,no,0.6,0,0,06-May-2023
179,5,go right,right,right,yes,notOT,no,0.8,0,0,06-May-2023
180,5,go right,left,left,no,notOT,no,0.6,0,0,06-May-2023
181,5,go right,left,right,no,notOT,no,0.6,0,0,06-May-2023
182,5,go right,right,left,yes,notOT,no,0.8,0,0,06-May-2023
183,5,go right,left,right,no,notOT,no,0.6,0,0,06-May-2023
184,5,go right,left,left,no,notOT,no,0.4,0,0,06-May-2023
185,5,go right,left,right,no,notOT,no,0.4,0,0,06-May-2023
186,5,go right,left,left,no,notOT,no,0.4,0,0,06-May-2023
187,5,go right,right,right,yes,notOT,no,2.6,0,0,06-May-2023
188,5,go right,right,right,yes,notOT,no,0.6,0,0,06-May-2023
189,5,go right,left,left,no,notOT,no,0.6,0,0,06-May-2023
190,5,go right,left,right,no,notOT,no,0.4,0,0,06-May-2023
191,5,go right,left,left,no,notOT,no,0.6,0,0,06-May-2023
192,5,go right,right,left,yes,notOT,no,0.8,0,0,06-May-2023
193,5,go right,right,right,yes,notOT,no,1,0,0,06-May-2023
194,5,go right,right,right,yes,notOT,no,0.4,0,0,06-May-2023
195,5,go right,right,left,yes,notOT,no,0.8,0,0,06-May-2023
196,5,go right,right,right,yes,notOT,no,0.8,0,0,06-May-2023
197,5,go right,right,left,yes,notOT,no,1.8,0,0,06-May-2023
198,5,go right,right,left,yes,notOT,no,6.6,0,0,06-May-2023
199,5,go right,right,right,yes,notOT,no,1.2,0,0,06-May-2023
200,5,go right,right,left,yes,notOT,no,1.2,0,0,06-May-2023
201,5,go right,left,right,no,notOT,no,1.6,0,0,06-May-2023
202,5,go right,left,right,no,notOT,no,1,0,0,06-May-2023
203,5,go right,left,left,no,notOT,no,0.8,0,0,06-May-2023
204,5,go right,right,right,yes,notOT,no,1.6,0,0,06-May-2023
205,5,go right,right,left,yes,notOT,no,1.6,0,0,06-May-2023
206,5,go right,left,right,no,notOT,no,0.4,0,0,06-May-2023
207,5,go right,right,left,yes,notOT,no,1,0,0,06-May-2023
208,5,go right,right,left,yes,notOT,no,2.6,0,0,06-May-2023
209,5,go right,right,right,yes,notOT,no,1,0,0,06-May-2023
210,5,go right,left,left,no,notOT,no,0.4,0,0,06-May-2023
211,5,go right,right,right,yes,notOT,no,1,0,0,06-May-2023
212,5,go right,right,right,yes,notOT,no,1.2,0,0,06-May-2023
213,5,go right,right,left,yes,notOT,no,1,0,0,06-May-2023
214,5,go right,right,left,yes,notOT,no,0.8,0,0,06-May-2023
215,5,go right,right,right,yes,notOT,no,1,0,0,06-May-2023
216,5,go right,right,right,yes,notOT,no,1.4,0,0,06-May-2023
217,5,go right,right,left,yes,notOT,no,1,0,0,06-May-2023
218,5,go right,right,left,yes,notOT,no,0.8,0,0,06-May-2023
219,5,go right,right,right,yes,notOT,no,1.4,0,0,06-May-2023
220,5,go right,right,left,yes,notOT,no,1.4,0,0,06-May-2023
221,7,go right,left,left,no,notOT,no,0.4,0,1,06-Jun-2023
222,7,go right,left,right,no,notOT,no,2.2,0,0,06-Jun-2023
223,7,go right,right,right,yes,notOT,no,0.8,0,0,06-Jun-2023
224,7,go right,right,left,yes,notOT,no,1.2,0,0,06-Jun-2023
225,7,go right,right,right,yes,notOT,no,0.6,0,0,06-Jun-2023
226,7,go right,right,left,yes,notOT,no,2,0,0,06-Jun-2023
227,7,go right,right,left,yes,notOT,no,1,0,0,06-Jun-2023
228,7,go right,right,right,yes,notOT,no,0.6,0,0,06-Jun-2023
229,7,go right,right,left,yes,notOT,no,0.8,0,0,06-Jun-2023
230,7,go right,left,right,no,notOT,no,0.6,0,0,06-Jun-2023
231,7,go right,left,right,no,notOT,no,0.6,0,0,06-Jun-2023
232,7,go right,right,left,yes,notOT,no,0.8,0,0,06-Jun-2023
233,7,go right,left,right,no,notOT,no,0.6,0,0,06-Jun-2023
234,7,go right,right,left,yes,notOT,no,0.8,0,0,06-Jun-2023
235,7,go right,right,right,yes,notOT,no,0.8,0,0,06-Jun-2023
236,7,go right,right,left,yes,notOT,no,0.8,0,0,06-Jun-2023
237,7,go right,right,left,yes,notOT,no,0.8,0,0,06-Jun-2023
238,7,go right,left,right,no,notOT,no,0.4,0,0,06-Jun-2023
239,7,go right,left,right,no,notOT,no,0.4,0,0,06-Jun-2023
240,7,go right,left,left,no,notOT,no,0.6,0,0,06-Jun-2023
241,7,go left,right,left,no,notOT,no,0.8,1,0,06-Jun-2023
242,7,go left,right,right,no,notOT,no,1,0,0,06-Jun-2023
243,7,go left,right,right,no,notOT,no,0.4,0,0,06-Jun-2023
244,7,go left,left,left,yes,notOT,no,1.2,0,0,06-Jun-2023
245,7,go left,right,right,no,notOT,no,1.2,0,0,06-Jun-2023
246,7,go left,left,left,yes,notOT,no,0.8,0,0,06-Jun-2023
247,7,go left,left,left,yes,notOT,no,0.6,0,0,06-Jun-2023
248,7,go left,left,right,yes,notOT,no,1.6,0,0,06-Jun-2023
249,7,go left,right,left,no,notOT,no,1.4,0,0,06-Jun-2023
250,7,go left,right,right,no,notOT,no,1.2,0,0,06-Jun-2023
251,7,go left,right,right,no,notOT,no,1.2,0,0,06-Jun-2023
252,7,go left,right,left,no,notOT,no,0.8,0,0,06-Jun-2023
253,7,go left,right,left,no,notOT,no,0.8,0,0,06-Jun-2023
254,7,go left,right,right,no,notOT,no,1,0,0,06-Jun-2023
255,7,go left,right,right,no,notOT,no,1,0,0,06-Jun-2023
256,7,go left,left,left,yes,notOT,no,1.2,0,0,06-Jun-2023
257,7,go left,left,right,yes,notOT,no,1,0,0,06-Jun-2023
258,7,go left,left,left,yes,notOT,no,0.8,0,0,06-Jun-2023
259,7,go left,left,right,yes,notOT,no,1,0,0,06-Jun-2023
260,7,go left,left,left,yes,notOT,no,1.2,0,0,06-Jun-2023
261,7,go left,right,right,no,notOT,no,2.4,0,0,06-Jun-2023
262,7,go left,right,left,no,notOT,no,1,0,0,06-Jun-2023
263,7,go left,left,left,yes,notOT,no,0.4,0,0,06-Jun-2023
264,7,go left,left,right,yes,notOT,no,1,0,0,06-Jun-2023
265,7,go left,left,left,yes,notOT,no,0.8,0,0,06-Jun-2023
266,7,go left,right,right,no,notOT,no,1.6,0,0,06-Jun-2023
267,7,go left,left,right,yes,notOT,no,2,0,0,06-Jun-2023
268,7,go left,right,left,no,notOT,no,1.4,0,0,06-Jun-2023
269,7,go left,left,left,yes,notOT,no,1.2,0,0,06-Jun-2023
270,7,go left,right,right,no,notOT,no,1.8,0,0,06-Jun-2023
271,7,go left,left,left,yes,notOT,no,0.4,0,0,06-Jun-2023
272,7,go left,left,right,yes,notOT,no,0.6,0,0,06-Jun-2023
273,7,go left,right,left,no,notOT,no,1,0,0,06-Jun-2023
274,7,go left,right,right,no,notOT,no,1,0,0,06-Jun-2023
275,7,go left,left,left,yes,notOT,no,0.4,0,0,06-Jun-2023
276,7,go left,right,right,no,notOT,no,1.2,0,0,06-Jun-2023
277,7,go left,right,right,no,notOT,no,1,0,0,06-Jun-2023
278,7,go left,left,left,yes,notOT,no,1,0,0,06-Jun-2023
279,7,go left,left,right,yes,notOT,no,1.4,0,0,06-Jun-2023
280,7,go left,left,left,yes,notOT,no,0.8,0,0,06-Jun-2023
281,7,go left,left,right,yes,notOT,no,0.8,0,0,06-Jun-2023
282,7,go left,left,left,yes,notOT,no,0.8,0,0,06-Jun-2023
283,7,go left,left,left,yes,notOT,no,0.8,0,0,06-Jun-2023
284,7,go left,left,right,yes,notOT,no,1,0,0,06-Jun-2023
285,7,go left,right,left,no,notOT,no,1,0,0,06-Jun-2023
286,7,go left,right,right,no,notOT,no,0.8,0,0,06-Jun-2023
287,7,go left,left,right,yes,notOT,no,0.8,0,0,06-Jun-2023
288,7,go left,right,left,no,notOT,no,1.4,0,0,06-Jun-2023
289,7,go left,right,right,no,notOT,no,0.8,0,0,06-Jun-2023
290,7,go left,left,left,yes,notOT,no,1.2,0,0,06-Jun-2023
291,7,go left,left,left,yes,notOT,no,0.8,0,0,06-Jun-2023
292,7,go left,omission,right,no,notOT,no,0,0,0,06-Jun-2023
293,7,go left,left,left,yes,notOT,no,0.8,0,0,06-Jun-2023
294,7,go left,left,right,yes,notOT,no,1,0,0,06-Jun-2023
295,7,go left,left,right,yes,notOT,no,1,0,0,06-Jun-2023
296,7,go left,left,left,yes,notOT,no,1.4,0,0,06-Jun-2023
297,7,go left,left,right,yes,notOT,no,1.2,0,0,06-Jun-2023
298,7,go left,left,left,yes,notOT,no,1.2,0,0,06-Jun-2023
299,7,go left,right,right,no,notOT,no,1.4,0,0,06-Jun-2023
300,7,go left,left,left,yes,notOT,no,0.8,0,0,06-Jun-2023
301,7,go left,right,right,no,notOT,no,0.8,0,0,06-Jun-2023
302,7,go left,right,left,no,notOT,no,9.2,0,0,06-Jun-2023
303,7,go left,right,right,no,notOT,no,2.6,0,0,06-Jun-2023
304,7,go left,left,left,yes,notOT,no,0.8,0,0,06-Jun-2023
305,7,go left,left,left,yes,notOT,no,0.8,0,0,06-Jun-2023
306,7,go left,left,right,yes,notOT,no,5.6,0,0,06-Jun-2023
307,7,go left,left,left,yes,notOT,no,1,0,0,06-Jun-2023
308,7,go left,left,right,yes,notOT,no,0.8,0,0,06-Jun-2023
309,7,go left,right,right,no,notOT,no,1.4,0,0,06-Jun-2023
310,7,go left,left,left,yes,notOT,no,0.6,0,0,06-Jun-2023
311,7,go left,right,left,no,notOT,no,1.2,0,0,06-Jun-2023
312,7,go left,left,right,yes,notOT,no,0.8,0,0,06-Jun-2023
313,7,go left,left,right,yes,notOT,no,0.8,0,0,06-Jun-2023
314,7,go left,right,left,no,notOT,no,1,0,0,06-Jun-2023
315,7,go left,left,left,yes,notOT,no,0.6,0,0,06-Jun-2023
316,7,go left,left,right,yes,notOT,no,0.8,0,0,06-Jun-2023
317,7,go left,left,left,yes,notOT,no,1,0,0,06-Jun-2023
318,7,go left,left,right,yes,notOT,no,1.4,0,0,06-Jun-2023
319,7,go left,right,right,no,notOT,no,2.4,0,0,06-Jun-2023
320,7,go left,left,left,yes,notOT,no,0.6,0,0,06-Jun-2023
321,7,go left,right,right,no,notOT,no,1,0,0,06-Jun-2023
322,7,go left,left,left,yes,notOT,no,0.8,0,0,06-Jun-2023
323,7,go left,left,right,yes,notOT,no,1.2,0,0,06-Jun-2023
324,7,go left,left,left,yes,notOT,no,0.8,0,0,06-Jun-2023
325,7,go left,left,left,yes,notOT,no,1.2,0,0,06-Jun-2023
326,7,go left,left,right,yes,notOT,no,1,0,0,06-Jun-2023
327,7,go left,left,right,yes,notOT,no,1.2,0,0,06-Jun-2023
328,7,go left,left,left,yes,notOT,no,1.4,0,0,06-Jun-2023
329,7,go left,left,left,yes,notOT,no,1.2,0,0,06-Jun-2023
330,7,go left,left,right,yes,notOT,no,1.4,0,0,06-Jun-2023
331,7,go left,left,left,yes,notOT,no,1.6,0,0,06-Jun-2023
332,9,go left,right,right,no,notOT,no,0.4,0,1,06-Jul-2023
333,9,go left,right,left,no,notOT,no,1,0,0,06-Jul-2023
334,9,go left,right,right,no,notOT,no,1,0,0,06-Jul-2023
335,9,go left,right,left,no,notOT,no,1,0,0,06-Jul-2023
336,9,go left,left,left,yes,notOT,no,0.6,0,0,06-Jul-2023
337,9,go left,right,right,no,notOT,no,0.8,0,0,06-Jul-2023
338,9,go left,left,right,yes,notOT,no,1,0,0,06-Jul-2023
339,9,go left,right,left,no,notOT,no,1,0,0,06-Jul-2023
340,9,go left,left,right,yes,notOT,no,0.8,0,0,06-Jul-2023
341,9,go left,left,left,yes,notOT,no,0.6,0,0,06-Jul-2023
342,9,go left,left,right,yes,notOT,no,0.8,0,0,06-Jul-2023
343,9,go left,left,left,yes,notOT,no,0.8,0,0,06-Jul-2023
344,9,go left,right,left,no,notOT,no,0.6,0,0,06-Jul-2023
345,9,go left,left,right,yes,notOT,no,0.8,0,0,06-Jul-2023
346,9,go left,left,right,yes,notOT,no,0.8,0,0,06-Jul-2023
347,9,go left,left,left,yes,notOT,no,1,0,0,06-Jul-2023
348,9,go left,left,right,yes,notOT,no,0.8,0,0,06-Jul-2023
349,9,go left,left,left,yes,notOT,no,1.4,0,0,06-Jul-2023
350,9,go left,left,left,yes,notOT,no,1,0,0,06-Jul-2023
351,9,go left,left,right,yes,notOT,no,0.8,0,0,06-Jul-2023
352,9,go right,left,right,no,notOT,no,1,1,0,06-Jul-2023
353,9,go right,left,left,no,notOT,no,0.8,0,0,06-Jul-2023
354,9,go right,left,left,no,notOT,no,0.4,0,0,06-Jul-2023
355,9,go right,right,right,yes,notOT,no,5.2,0,0,06-Jul-2023
356,9,go right,right,right,yes,notOT,no,2.8,0,0,06-Jul-2023
357,9,go right,right,left,yes,notOT,no,1.2,0,0,06-Jul-2023
358,9,go right,right,right,yes,notOT,no,0.6,0,0,06-Jul-2023
359,9,go right,left,left,no,notOT,no,0.6,0,0,06-Jul-2023
360,9,go right,left,left,no,notOT,no,0.8,0,0,06-Jul-2023
361,9,go right,left,right,no,notOT,no,0.8,0,0,06-Jul-2023
362,9,go right,left,right,no,notOT,no,2,0,0,06-Jul-2023
363,9,go right,left,left,no,notOT,no,0.8,0,0,06-Jul-2023
364,9,go right,left,right,no,notOT,no,0.8,0,0,06-Jul-2023
365,9,go right,left,left,no,notOT,no,0.8,0,0,06-Jul-2023
366,9,go right,left,right,no,notOT,no,0.8,0,0,06-Jul-2023
367,9,go right,left,left,no,notOT,no,0.8,0,0,06-Jul-2023
368,9,go right,right,right,yes,notOT,no,0.6,0,0,06-Jul-2023
369,9,go right,right,left,yes,notOT,no,0.8,0,0,06-Jul-2023
370,9,go right,right,left,yes,notOT,no,4.8,0,0,06-Jul-2023
371,9,go right,left,right,no,notOT,no,0.8,0,0,06-Jul-2023
372,9,go right,right,left,yes,notOT,no,0.6,0,0,06-Jul-2023
373,9,go right,left,right,no,notOT,no,0.8,0,0,06-Jul-2023
374,9,go right,right,right,yes,notOT,no,0.8,0,0,06-Jul-2023
375,9,go right,left,left,no,notOT,no,0.8,0,0,06-Jul-2023
376,9,go right,left,left,no,notOT,no,0.8,0,0,06-Jul-2023
377,9,go right,right,right,yes,notOT,no,0.8,0,0,06-Jul-2023
378,9,go right,right,left,yes,notOT,no,0.8,0,0,06-Jul-2023
379,9,go right,right,right,yes,notOT,no,1,0,0,06-Jul-2023
380,9,go right,left,left,no,notOT,no,1.2,0,0,06-Jul-2023
381,9,go right,left,right,no,notOT,no,1,0,0,06-Jul-2023
382,9,go right,right,left,yes,notOT,no,1.2,0,0,06-Jul-2023
383,9,go right,left,right,no,notOT,no,1.2,0,0,06-Jul-2023
384,9,go right,left,right,no,notOT,no,1.2,0,0,06-Jul-2023
385,9,go right,left,left,no,notOT,no,1.2,0,0,06-Jul-2023
386,9,go right,left,right,no,notOT,no,1,0,0,06-Jul-2023
387,9,go right,left,left,no,notOT,no,1,0,0,06-Jul-2023
388,9,go right,left,left,no,notOT,no,0.8,0,0,06-Jul-2023
389,9,go right,right,right,yes,notOT,no,0.6,0,0,06-Jul-2023
390,9,go right,right,right,yes,notOT,no,1,0,0,06-Jul-2023
391,9,go right,right,left,yes,notOT,no,0.8,0,0,06-Jul-2023
392,9,go right,right,right,yes,notOT,no,0.8,0,0,06-Jul-2023
393,9,go right,right,left,yes,notOT,no,1,0,0,06-Jul-2023
394,9,go right,left,right,no,notOT,no,1,0,0,06-Jul-2023
395,9,go right,right,left,yes,notOT,no,1.2,0,0,06-Jul-2023
396,9,go right,right,left,yes,notOT,no,1,0,0,06-Jul-2023
397,9,go right,right,right,yes,notOT,no,1,0,0,06-Jul-2023
398,9,go right,left,right,no,notOT,no,1,0,0,06-Jul-2023
399,9,go right,left,left,no,notOT,no,0.8,0,0,06-Jul-2023
400,9,go right,left,left,no,notOT,no,0.8,0,0,06-Jul-2023
401,9,go right,right,right,yes,notOT,no,0.8,0,0,06-Jul-2023
402,9,go right,right,right,yes,notOT,no,1,0,0,06-Jul-2023
403,9,go right,right,left,yes,notOT,no,1,0,0,06-Jul-2023
404,9,go right,right,left,yes,notOT,no,1,0,0,06-Jul-2023
405,9,go right,right,right,yes,notOT,no,1,0,0,06-Jul-2023
406,9,go right,left,right,no,notOT,no,1,0,0,06-Jul-2023
407,9,go right,left,left,no,notOT,no,0.6,0,0,06-Jul-2023
408,9,go right,left,left,no,notOT,no,1,0,0,06-Jul-2023
409,9,go right,right,right,yes,notOT,no,1,0,0,06-Jul-2023
410,9,go right,right,right,yes,notOT,no,0.8,0,0,06-Jul-2023
411,9,go right,right,left,yes,notOT,no,1.2,0,0,06-Jul-2023
412,9,go right,left,right,no,notOT,no,3.6,0,0,06-Jul-2023
413,9,go right,right,left,yes,notOT,no,0.8,0,0,06-Jul-2023
414,9,go right,right,right,yes,notOT,no,1,0,0,06-Jul-2023
415,9,go right,left,left,no,notOT,no,1.2,0,0,06-Jul-2023
416,9,go right,right,right,yes,notOT,no,1,0,0,06-Jul-2023
417,9,go right,left,left,no,notOT,no,0.8,0,0,06-Jul-2023
418,9,go right,right,left,yes,notOT,no,1.2,0,0,06-Jul-2023
419,9,go right,right,right,yes,notOT,no,0.8,0,0,06-Jul-2023
420,9,go right,right,right,yes,notOT,no,1.4,0,0,06-Jul-2023
421,9,go right,right,left,yes,notOT,no,1,0,0,06-Jul-2023
422,9,go right,right,left,yes,notOT,no,1.2,0,0,06-Jul-2023
423,9,go right,left,right,no,notOT,no,0.8,0,0,06-Jul-2023
424,9,go right,left,left,no,notOT,no,0.8,0,0,06-Jul-2023
425,9,go right,right,right,yes,notOT,no,0.8,0,0,06-Jul-2023
426,9,go right,right,right,yes,notOT,no,1,0,0,06-Jul-2023
427,9,go right,right,left,yes,notOT,no,1,0,0,06-Jul-2023
428,9,go right,right,right,yes,notOT,no,1.4,0,0,06-Jul-2023
429,9,go right,left,left,no,notOT,no,0.8,0,0,06-Jul-2023
430,9,go right,right,left,yes,notOT,no,0.8,0,0,06-Jul-2023
431,9,go right,left,right,no,notOT,no,1,0,0,06-Jul-2023
432,9,go right,left,left,no,notOT,no,0.8,0,0,06-Jul-2023
433,9,go right,left,right,no,notOT,no,0.4,0,0,06-Jul-2023
434,9,go right,right,right,yes,notOT,no,0.8,0,0,06-Jul-2023
435,9,go right,right,left,yes,notOT,no,1,0,0,06-Jul-2023
436,9,go right,left,right,no,notOT,no,1.4,0,0,06-Jul-2023
437,9,go right,right,left,yes,notOT,no,1,0,0,06-Jul-2023
438,9,go right,right,right,yes,notOT,no,0.8,0,0,06-Jul-2023
439,9,go right,left,left,no,notOT,no,0.8,0,0,06-Jul-2023
440,9,go right,right,left,yes,notOT,no,1,0,0,06-Jul-2023
441,9,go right,left,right,no,notOT,no,1,0,0,06-Jul-2023
442,9,go right,right,left,yes,notOT,no,0.8,0,0,06-Jul-2023
443,9,go right,right,right,yes,notOT,no,1,0,0,06-Jul-2023
444,9,go right,right,left,yes,notOT,no,1,0,0,06-Jul-2023
445,9,go right,right,right,yes,notOT,no,1.2,0,0,06-Jul-2023
446,9,go right,left,right,no,notOT,no,1.2,0,0,06-Jul-2023
447,9,go right,right,left,yes,notOT,no,1,0,0,06-Jul-2023
448,9,go right,left,left,no,notOT,no,0.8,0,0,06-Jul-2023
449,9,go right,right,right,yes,notOT,no,0.8,0,0,06-Jul-2023
450,9,go right,right,right,yes,notOT,no,1,0,0,06-Jul-2023
451,9,go right,right,left,yes,notOT,no,0.8,0,0,06-Jul-2023
452,9,go right,left,left,no,notOT,no,0.8,0,0,06-Jul-2023
453,9,go right,right,right,yes,notOT,no,1,0,0,06-Jul-2023
454,9,go right,right,right,yes,notOT,no,1.2,0,0,06-Jul-2023
455,9,go right,right,left,yes,notOT,no,1.2,0,0,06-Jul-2023
456,9,go right,right,left,yes,notOT,no,1,0,0,06-Jul-2023
457,9,go right,right,right,yes,notOT,no,1,0,0,06-Jul-2023
458,9,go right,right,right,yes,notOT,no,1,0,0,06-Jul-2023
459,9,go right,right,left,yes,notOT,no,0.8,0,0,06-Jul-2023
460,9,go right,right,right,yes,notOT,no,1,0,0,06-Jul-2023
461,9,go right,right,left,yes,notOT,no,0.8,0,0,06-Jul-2023
462,9,go right,right,left,yes,notOT,no,0.8,0,0,06-Jul-2023
463,11,go right,left,left,no,notOT,no,0.4,0,1,06-Aug-2023
464,11,go right,right,right,yes,notOT,no,0.8,0,0,06-Aug-2023
465,11,go right,right,left,yes,notOT,no,0.8,0,0,06-Aug-2023
466,11,go right,right,right,yes,notOT,no,0.8,0,0,06-Aug-2023
467,11,go right,left,right,no,notOT,no,0.8,0,0,06-Aug-2023
468,11,go right,right,left,yes,notOT,no,1,0,0,06-Aug-2023
469,11,go right,right,left,yes,notOT,no,0.8,0,0,06-Aug-2023
470,11,go right,left,right,no,notOT,no,0.8,0,0,06-Aug-2023
471,11,go right,left,left,no,notOT,no,1,0,0,06-Aug-2023
472,11,go right,right,right,yes,notOT,no,0.8,0,0,06-Aug-2023
473,11,go right,right,right,yes,notOT,no,1,0,0,06-Aug-2023
474,11,go right,right,left,yes,notOT,no,1.4,0,0,06-Aug-2023
475,11,go right,right,right,yes,notOT,no,0.8,0,0,06-Aug-2023
476,11,go right,right,left,yes,notOT,no,0.8,0,0,06-Aug-2023
477,11,go right,right,left,yes,notOT,no,0.8,0,0,06-Aug-2023
478,11,go right,right,right,yes,notOT,no,0.8,0,0,06-Aug-2023
479,11,go right,right,left,yes,notOT,no,0.8,0,0,06-Aug-2023
480,11,go right,right,right,yes,notOT,no,0.8,0,0,06-Aug-2023
481,11,go right,left,left,no,notOT,no,0.4,0,0,06-Aug-2023
482,11,go right,right,right,yes,notOT,no,0.8,0,0,06-Aug-2023
483,11,go left,right,right,no,notOT,no,0.8,1,0,06-Aug-2023
484,11,go left,right,left,no,notOT,no,0.6,0,0,06-Aug-2023
485,11,go left,right,right,no,notOT,no,0.6,0,0,06-Aug-2023
486,11,go left,left,left,yes,notOT,no,0.4,0,0,06-Aug-2023
487,11,go left,right,right,no,notOT,no,0.8,0,0,06-Aug-2023
488,11,go left,left,left,yes,notOT,no,0.8,0,0,06-Aug-2023
489,11,go left,right,right,no,notOT,no,0.6,0,0,06-Aug-2023
490,11,go left,left,left,yes,notOT,no,0.8,0,0,06-Aug-2023
491,11,go left,left,left,yes,notOT,no,0.8,0,0,06-Aug-2023
492,11,go left,left,right,yes,notOT,no,0.8,0,0,06-Aug-2023
493,11,go left,right,right,no,notOT,no,0.6,0,0,06-Aug-2023
494,11,go left,left,left,yes,notOT,no,0.8,0,0,06-Aug-2023
495,11,go left,left,left,yes,notOT,no,1,0,0,06-Aug-2023
496,11,go left,left,right,yes,notOT,no,1,0,0,06-Aug-2023
497,11,go left,right,left,no,notOT,no,0.8,0,0,06-Aug-2023
498,11,go left,right,right,no,notOT,no,1,0,0,06-Aug-2023
499,11,go left,left,left,yes,notOT,no,0.6,0,0,06-Aug-2023
500,11,go left,left,right,yes,notOT,no,0.6,0,0,06-Aug-2023
501,11,go left,left,left,yes,notOT,no,1,0,0,06-Aug-2023
502,11,go left,right,right,no,notOT,no,0.8,0,0,06-Aug-2023
503,11,go left,left,right,yes,notOT,no,0.8,0,0,06-Aug-2023
504,11,go left,left,left,yes,notOT,no,0.6,0,0,06-Aug-2023
505,11,go left,right,right,no,notOT,no,0.6,0,0,06-Aug-2023
506,11,go left,right,left,no,notOT,no,1.2,0,0,06-Aug-2023
507,11,go left,left,right,yes,notOT,no,0.6,0,0,06-Aug-2023
508,11,go left,left,left,yes,notOT,no,0.8,0,0,06-Aug-2023
509,11,go left,right,right,no,notOT,no,0.8,0,0,06-Aug-2023
510,11,go left,left,left,yes,notOT,no,1.2,0,0,06-Aug-2023
511,11,go left,left,left,yes,notOT,no,0.8,0,0,06-Aug-2023
512,11,go left,left,right,yes,notOT,no,1,0,0,06-Aug-2023
513,11,go left,left,left,yes,notOT,no,0.8,0,0,06-Aug-2023
514,11,go left,left,right,yes,notOT,no,1.2,0,0,06-Aug-2023
515,11,go left,left,left,yes,notOT,no,4.6,0,0,06-Aug-2023
516,11,go left,left,right,yes,notOT,no,0.8,0,0,06-Aug-2023
517,11,go left,right,left,no,notOT,no,1,0,0,06-Aug-2023
518,11,go left,left,right,yes,notOT,no,0.8,0,0,06-Aug-2023
519,11,go left,left,left,yes,notOT,no,0.8,0,0,06-Aug-2023
520,11,go left,left,right,yes,notOT,no,1,0,0,06-Aug-2023
521,11,go left,left,right,yes,notOT,no,0.8,0,0,06-Aug-2023
522,11,go left,left,left,yes,notOT,no,1.4,0,0,06-Aug-2023
523,11,go left,left,left,yes,notOT,no,1.2,0,0,06-Aug-2023
524,11,go left,right,right,no,notOT,no,0.8,0,0,06-Aug-2023
525,11,go left,left,left,yes,notOT,no,0.8,0,0,06-Aug-2023
526,11,go left,right,right,no,notOT,no,1,0,0,06-Aug-2023
527,11,go left,left,left,yes,notOT,no,0.8,0,0,06-Aug-2023
528,11,go left,left,right,yes,notOT,no,1.2,0,0,06-Aug-2023
529,11,go left,left,right,yes,notOT,no,0.8,0,0,06-Aug-2023
530,11,go left,left,left,yes,notOT,no,0.8,0,0,06-Aug-2023
531,11,go left,left,right,yes,notOT,no,0.8,0,0,06-Aug-2023
532,11,go left,left,left,yes,notOT,no,1,0,0,06-Aug-2023
533,11,go left,right,right,no,notOT,no,2,0,0,06-Aug-2023
534,11,go left,left,left,yes,notOT,no,2,0,0,06-Aug-2023
535,11,go left,right,right,no,notOT,no,0.8,0,0,06-Aug-2023
536,11,go left,left,left,yes,notOT,no,0.6,0,0,06-Aug-2023
537,11,go left,left,left,yes,notOT,no,0.8,0,0,06-Aug-2023
538,11,go left,left,right,yes,notOT,no,0.6,0,0,06-Aug-2023
539,11,go left,left,right,yes,notOT,no,1,0,0,06-Aug-2023
540,11,go left,left,left,yes,notOT,no,0.8,0,0,06-Aug-2023
541,11,go left,left,right,yes,notOT,no,1,0,0,06-Aug-2023
542,11,go left,left,left,yes,notOT,no,0.8,0,0,06-Aug-2023
543,11,go left,right,right,no,notOT,no,1,0,0,06-Aug-2023
544,11,go left,left,left,yes,notOT,no,0.6,0,0,06-Aug-2023
545,11,go left,left,right,yes,notOT,no,0.6,0,0,06-Aug-2023
546,11,go left,left,left,yes,notOT,no,1,0,0,06-Aug-2023
547,11,go left,left,left,yes,notOT,no,1.4,0,0,06-Aug-2023
548,11,go left,left,right,yes,notOT,no,1,0,0,06-Aug-2023
549,11,go left,left,left,yes,notOT,no,1,0,0,06-Aug-2023
550,11,go left,left,right,yes,notOT,no,1,0,0,06-Aug-2023
551,11,go left,left,left,yes,notOT,no,1,0,0,06-Aug-2023
552,11,go left,left,right,yes,notOT,no,0.8,0,0,06-Aug-2023
553,11,go left,left,right,yes,notOT,no,1.4,0,0,06-Aug-2023
554,13,go left,left,left,yes,notOT,no,0.4,0,1,06-Sep-2023
555,13,go left,right,right,no,notOT,no,0.8,0,0,06-Sep-2023
556,13,go left,right,right,no,notOT,no,0.8,0,0,06-Sep-2023
557,13,go left,left,left,yes,notOT,no,0.8,0,0,06-Sep-2023
558,13,go left,left,left,yes,notOT,no,0.8,0,0,06-Sep-2023
559,13,go left,right,right,no,notOT,no,0.8,0,0,06-Sep-2023
560,13,go left,left,right,yes,notOT,no,1,0,0,06-Sep-2023
561,13,go left,left,left,yes,notOT,no,0.4,0,0,06-Sep-2023
562,13,go left,left,left,yes,notOT,no,0.8,0,0,06-Sep-2023
563,13,go left,left,right,yes,notOT,no,0.8,0,0,06-Sep-2023
564,13,go left,right,right,no,notOT,no,1,0,0,06-Sep-2023
565,13,go left,left,left,yes,notOT,no,0.6,0,0,06-Sep-2023
566,13,go left,left,right,yes,notOT,no,1,0,0,06-Sep-2023
567,13,go left,left,left,yes,notOT,no,0.8,0,0,06-Sep-2023
568,13,go left,left,left,yes,notOT,no,0.4,0,0,06-Sep-2023
569,13,go left,left,right,yes,notOT,no,0.8,0,0,06-Sep-2023
570,13,go left,left,left,yes,notOT,no,1.2,0,0,06-Sep-2023
571,13,go left,left,right,yes,notOT,no,1,0,0,06-Sep-2023
572,13,go left,left,left,yes,notOT,no,0.6,0,0,06-Sep-2023
573,13,go left,left,right,yes,notOT,no,0.8,0,0,06-Sep-2023
574,13,go right,right,left,yes,notOT,no,1.6,1,0,06-Sep-2023
575,13,go right,left,right,no,notOT,no,1,0,0,06-Sep-2023
576,13,go right,left,right,no,notOT,no,0.8,0,0,06-Sep-2023
577,13,go right,left,left,no,notOT,no,0.8,0,0,06-Sep-2023
578,13,go right,left,left,no,notOT,no,0.8,0,0,06-Sep-2023
579,13,go right,left,right,no,notOT,no,0.6,0,0,06-Sep-2023
580,13,go right,left,left,no,notOT,no,0.6,0,0,06-Sep-2023
581,13,go right,left,right,no,notOT,no,0.8,0,0,06-Sep-2023
582,13,go right,left,right,no,notOT,no,0.6,0,0,06-Sep-2023
583,13,go right,left,left,no,notOT,no,0.8,0,0,06-Sep-2023
584,13,go right,left,left,no,notOT,no,0.6,0,0,06-Sep-2023
585,13,go right,right,right,yes,notOT,no,1,0,0,06-Sep-2023
586,13,go right,right,right,yes,notOT,no,1,0,0,06-Sep-2023
587,13,go right,right,left,yes,notOT,no,1,0,0,06-Sep-2023
588,13,go right,right,right,yes,notOT,no,1,0,0,06-Sep-2023
589,13,go right,left,left,no,notOT,no,0.6,0,0,06-Sep-2023
590,13,go right,right,left,yes,notOT,no,0.8,0,0,06-Sep-2023
591,13,go right,left,right,no,notOT,no,0.6,0,0,06-Sep-2023
592,13,go right,right,left,yes,notOT,no,1.2,0,0,06-Sep-2023
593,13,go right,right,right,yes,notOT,no,1,0,0,06-Sep-2023
594,13,go right,left,left,no,notOT,no,2.2,0,0,06-Sep-2023
595,13,go right,right,right,yes,notOT,no,1,0,0,06-Sep-2023
596,13,go right,right,right,yes,notOT,no,1,0,0,06-Sep-2023
597,13,go right,right,left,yes,notOT,no,1,0,0,06-Sep-2023
598,13,go right,right,right,yes,notOT,no,1,0,0,06-Sep-2023
599,13,go right,left,left,no,notOT,no,1,0,0,06-Sep-2023
600,13,go right,left,left,no,notOT,no,0.6,0,0,06-Sep-2023
601,13,go right,right,right,yes,notOT,no,0.8,0,0,06-Sep-2023
602,13,go right,left,left,no,notOT,no,0.4,0,0,06-Sep-2023
603,13,go right,right,right,yes,notOT,no,0.8,0,0,06-Sep-2023
604,13,go right,left,right,no,notOT,no,0.4,0,0,06-Sep-2023
605,13,go right,left,left,no,notOT,no,0.6,0,0,06-Sep-2023
606,13,go right,right,left,yes,notOT,no,1,0,0,06-Sep-2023
607,13,go right,right,right,yes,notOT,no,1.2,0,0,06-Sep-2023
608,13,go right,right,right,yes,notOT,no,0.6,0,0,06-Sep-2023
609,13,go right,right,left,yes,notOT,no,1,0,0,06-Sep-2023
610,13,go right,right,left,yes,notOT,no,1,0,0,06-Sep-2023
611,13,go right,right,right,yes,notOT,no,1,0,0,06-Sep-2023
612,13,go right,right,left,yes,notOT,no,0.8,0,0,06-Sep-2023
613,13,go right,right,right,yes,notOT,no,0.8,0,0,06-Sep-2023
614,13,go right,right,left,yes,notOT,no,1,0,0,06-Sep-2023
615,13,go right,right,right,yes,notOT,no,0.6,0,0,06-Sep-2023
616,15,go right,left,left,no,notOT,no,0.6,0,1,06-Oct-2023
617,15,go right,right,right,yes,notOT,no,0.8,0,0,06-Oct-2023
618,15,go right,left,left,no,notOT,no,0.4,0,0,06-Oct-2023
619,15,go right,right,right,yes,notOT,no,1,0,0,06-Oct-2023
620,15,go right,right,left,yes,notOT,no,1,0,0,06-Oct-2023
621,15,go right,right,right,yes,notOT,no,0.8,0,0,06-Oct-2023
622,15,go right,left,left,no,notOT,no,0.8,0,0,06-Oct-2023
623,15,go right,right,right,yes,notOT,no,0.8,0,0,06-Oct-2023
624,15,go right,left,right,no,notOT,no,1,0,0,06-Oct-2023
625,15,go right,right,left,yes,notOT,no,0.8,0,0,06-Oct-2023
626,15,go right,left,right,no,notOT,no,0.8,0,0,06-Oct-2023
627,15,go right,right,left,yes,notOT,no,0.8,0,0,06-Oct-2023
628,15,go right,right,right,yes,notOT,no,1,0,0,06-Oct-2023
629,15,go right,right,left,yes,notOT,no,0.8,0,0,06-Oct-2023
630,15,go right,right,left,yes,notOT,no,1.2,0,0,06-Oct-2023
631,15,go right,right,right,yes,notOT,no,0.8,0,0,06-Oct-2023
632,15,go right,right,right,yes,notOT,no,1,0,0,06-Oct-2023
633,15,go right,left,left,no,notOT,no,0.8,0,0,06-Oct-2023
634,15,go right,right,left,yes,notOT,no,0.8,0,0,06-Oct-2023
635,15,go right,right,right,yes,notOT,no,0.8,0,0,06-Oct-2023
636,15,go left,right,left,no,notOT,no,0.8,1,0,06-Oct-2023
637,15,go left,right,right,no,notOT,no,0.6,0,0,06-Oct-2023
638,15,go left,right,right,no,notOT,no,1,0,0,06-Oct-2023
639,15,go left,right,left,no,notOT,no,1,0,0,06-Oct-2023
640,15,go left,right,right,no,notOT,no,0.8,0,0,06-Oct-2023
641,15,go left,right,left,no,notOT,no,1,0,0,06-Oct-2023
642,15,go left,right,left,no,notOT,no,0.8,0,0,06-Oct-2023
643,15,go left,right,right,no,notOT,no,0.8,0,0,06-Oct-2023
644,15,go left,left,right,yes,notOT,no,1.8,0,0,06-Oct-2023
645,15,go left,left,left,yes,notOT,no,0.6,0,0,06-Oct-2023
646,15,go left,left,right,yes,notOT,no,0.8,0,0,06-Oct-2023
647,15,go left,left,left,yes,notOT,no,1.2,0,0,06-Oct-2023
648,15,go left,left,right,yes,notOT,no,0.8,0,0,06-Oct-2023
649,15,go left,right,left,no,notOT,no,2,0,0,06-Oct-2023
650,15,go left,right,right,no,notOT,no,2.4,0,0,06-Oct-2023
651,15,go left,right,left,no,notOT,no,1,0,0,06-Oct-2023
652,15,go left,right,left,no,notOT,no,0.8,0,0,06-Oct-2023
653,15,go left,left,right,yes,notOT,no,0.6,0,0,06-Oct-2023
654,15,go left,left,right,yes,notOT,no,1,0,0,06-Oct-2023
655,15,go left,right,left,no,notOT,no,0.8,0,0,06-Oct-2023
656,15,go left,left,left,yes,notOT,no,1,0,0,06-Oct-2023
657,15,go left,left,right,yes,notOT,no,1.2,0,0,06-Oct-2023
658,15,go left,right,left,no,notOT,no,1,0,0,06-Oct-2023
659,15,go left,right,right,no,notOT,no,0.8,0,0,06-Oct-2023
660,15,go left,left,left,yes,notOT,no,0.6,0,0,06-Oct-2023
661,15,go left,right,right,no,notOT,no,2.4,0,0,06-Oct-2023
662,15,go left,left,right,yes,notOT,no,0.8,0,0,06-Oct-2023
663,15,go left,left,left,yes,notOT,no,1.8,0,0,06-Oct-2023
664,15,go left,left,right,yes,notOT,no,1,0,0,06-Oct-2023
665,15,go left,left,left,yes,notOT,no,0.6,0,0,06-Oct-2023
666,15,go left,left,left,yes,notOT,no,1,0,0,06-Oct-2023
667,15,go left,left,right,yes,notOT,no,0.8,0,0,06-Oct-2023
668,15,go left,left,right,yes,notOT,no,5.6,0,0,06-Oct-2023
669,15,go left,left,left,yes,notOT,no,1,0,0,06-Oct-2023
670,15,go left,left,right,yes,notOT,no,1.8,0,0,06-Oct-2023
671,15,go left,left,left,yes,notOT,no,1,0,0,06-Oct-2023
672,17,go left,left,left,yes,notOT,no,1.4,0,1,06-Nov-2023
673,17,go left,right,right,no,notOT,no,0.8,0,0,06-Nov-2023
674,17,go left,left,left,yes,notOT,no,0.6,0,0,06-Nov-2023
675,17,go left,right,right,no,notOT,no,0.6,0,0,06-Nov-2023
676,17,go left,left,left,yes,notOT,no,0.6,0,0,06-Nov-2023
677,17,go left,right,right,no,notOT,no,1.2,0,0,06-Nov-2023
678,17,go left,left,left,yes,notOT,no,0.8,0,0,06-Nov-2023
679,17,go left,left,right,yes,notOT,no,0.8,0,0,06-Nov-2023
680,17,go left,right,right,no,notOT,no,1.2,0,0,06-Nov-2023
681,17,go left,left,left,yes,notOT,no,1,0,0,06-Nov-2023
682,17,go left,left,left,yes,notOT,no,0.8,0,0,06-Nov-2023
683,17,go left,left,right,yes,notOT,no,1,0,0,06-Nov-2023
684,17,go left,left,left,yes,notOT,no,0.8,0,0,06-Nov-2023
685,17,go left,left,right,yes,notOT,no,0.8,0,0,06-Nov-2023
686,17,go left,left,left,yes,notOT,no,0.6,0,0,06-Nov-2023
687,17,go left,left,right,yes,notOT,no,0.8,0,0,06-Nov-2023
688,17,go left,left,left,yes,notOT,no,0.8,0,0,06-Nov-2023
689,17,go left,left,right,yes,notOT,no,0.8,0,0,06-Nov-2023
690,17,go left,left,right,yes,notOT,no,1,0,0,06-Nov-2023
691,17,go left,left,left,yes,notOT,no,1.6,0,0,06-Nov-2023
692,17,go right,left,right,no,notOT,no,0.8,1,0,06-Nov-2023
693,17,go right,left,left,no,notOT,no,1,0,0,06-Nov-2023
694,17,go right,right,right,yes,notOT,no,1.2,0,0,06-Nov-2023
695,17,go right,right,left,yes,notOT,no,0.8,0,0,06-Nov-2023
696,17,go right,left,left,no,notOT,no,0.6,0,0,06-Nov-2023
697,17,go right,left,right,no,notOT,no,0.6,0,0,06-Nov-2023
698,17,go right,right,right,yes,notOT,no,0.8,0,0,06-Nov-2023
699,17,go right,right,left,yes,notOT,no,1,0,0,06-Nov-2023
700,17,go right,right,right,yes,notOT,no,0.8,0,0,06-Nov-2023
701,17,go right,right,left,yes,notOT,no,1,0,0,06-Nov-2023
702,17,go right,left,left,no,notOT,no,0.6,0,0,06-Nov-2023
703,17,go right,left,right,no,notOT,no,0.8,0,0,06-Nov-2023
704,17,go right,left,left,no,notOT,no,1.2,0,0,06-Nov-2023
705,17,go right,right,right,yes,notOT,no,0.8,0,0,06-Nov-2023
706,17,go right,right,left,yes,notOT,no,0.8,0,0,06-Nov-2023
707,17,go right,right,right,yes,notOT,no,1,0,0,06-Nov-2023
708,17,go right,right,left,yes,notOT,no,0.8,0,0,06-Nov-2023
709,17,go right,right,right,yes,notOT,no,1.6,0,0,06-Nov-2023
710,17,go right,right,left,yes,notOT,no,1.2,0,0,06-Nov-2023
711,17,go right,right,right,yes,notOT,no,1.2,0,0,06-Nov-2023
712,17,go right,right,left,yes,notOT,no,1,0,0,06-Nov-2023
713,17,go right,right,right,yes,notOT,no,0.8,0,0,06-Nov-2023
714,17,go right,right,right,yes,notOT,no,1,0,0,06-Nov-2023
715,19,go right,right,left,yes,notOT,no,0.8,0,1,06-Dec-2023
716,19,go right,right,right,yes,notOT,no,1,0,0,06-Dec-2023
717,19,go right,right,left,yes,notOT,no,0.8,0,0,06-Dec-2023
718,19,go right,right,right,yes,notOT,no,1,0,0,06-Dec-2023
719,19,go right,right,right,yes,notOT,no,0.8,0,0,06-Dec-2023
720,19,go right,right,left,yes,notOT,no,0.8,0,0,06-Dec-2023
721,19,go right,right,left,yes,notOT,no,0.8,0,0,06-Dec-2023
722,19,go right,right,right,yes,notOT,no,0.6,0,0,06-Dec-2023
723,19,go right,right,left,yes,notOT,no,0.8,0,0,06-Dec-2023
724,19,go right,right,right,yes,notOT,no,0.8,0,0,06-Dec-2023
725,19,go right,right,right,yes,notOT,no,1.2,0,0,06-Dec-2023
726,19,go right,left,left,no,notOT,no,0.8,0,0,06-Dec-2023
727,19,go right,right,left,yes,notOT,no,1.4,0,0,06-Dec-2023
728,19,go right,right,right,yes,notOT,no,0.6,0,0,06-Dec-2023
729,19,go right,right,left,yes,notOT,no,1,0,0,06-Dec-2023
730,19,go right,right,right,yes,notOT,no,0.8,0,0,06-Dec-2023
731,19,go right,right,left,yes,notOT,no,0.8,0,0,06-Dec-2023
732,19,go right,right,right,yes,notOT,no,0.8,0,0,06-Dec-2023
733,19,go right,left,left,no,notOT,no,0.4,0,0,06-Dec-2023
734,19,go right,right,right,yes,notOT,no,1,0,0,06-Dec-2023
735,19,go left,right,right,no,notOT,no,1,1,0,06-Dec-2023
736,19,go left,left,left,yes,notOT,no,0.8,0,0,06-Dec-2023
737,19,go left,right,right,no,notOT,no,0.8,0,0,06-Dec-2023
738,19,go left,right,left,no,notOT,no,0.8,0,0,06-Dec-2023
739,19,go left,right,left,no,notOT,no,1,0,0,06-Dec-2023
740,19,go left,right,right,no,notOT,no,0.8,0,0,06-Dec-2023
741,19,go left,left,left,yes,notOT,no,0.4,0,0,06-Dec-2023
742,19,go left,right,right,no,notOT,no,1,0,0,06-Dec-2023
743,19,go left,left,left,yes,notOT,no,0.8,0,0,06-Dec-2023
744,19,go left,right,right,no,notOT,no,0.8,0,0,06-Dec-2023
745,19,go left,right,left,no,notOT,no,0.8,0,0,06-Dec-2023
746,19,go left,left,right,yes,notOT,no,1,0,0,06-Dec-2023
747,19,go left,left,left,yes,notOT,no,0.6,0,0,06-Dec-2023
748,19,go left,right,right,no,notOT,no,0.8,0,0,06-Dec-2023
749,19,go left,right,right,no,notOT,no,0.6,0,0,06-Dec-2023
750,19,go left,left,left,yes,notOT,no,0.6,0,0,06-Dec-2023
751,19,go left,left,right,yes,notOT,no,0.8,0,0,06-Dec-2023
752,19,go left,left,left,yes,notOT,no,1,0,0,06-Dec-2023
753,19,go left,right,left,no,notOT,no,1.4,0,0,06-Dec-2023
754,19,go left,right,right,no,notOT,no,1,0,0,06-Dec-2023
755,19,go left,left,left,yes,notOT,no,0.4,0,0,06-Dec-2023
756,19,go left,left,right,yes,notOT,no,0.8,0,0,06-Dec-2023
757,19,go left,right,right,no,notOT,no,1.2,0,0,06-Dec-2023
758,19,go left,left,left,yes,notOT,no,0.6,0,0,06-Dec-2023
759,19,go left,left,left,yes,notOT,no,1,0,0,06-Dec-2023
760,19,go left,right,right,no,notOT,no,1.4,0,0,06-Dec-2023
761,19,go left,left,right,yes,notOT,no,0.8,0,0,06-Dec-2023
762,19,go left,right,left,no,notOT,no,0.8,0,0,06-Dec-2023
763,19,go left,right,left,no,notOT,no,1,0,0,06-Dec-2023
764,19,go left,left,right,yes,notOT,no,0.8,0,0,06-Dec-2023
765,19,go left,left,right,yes,notOT,no,1,0,0,06-Dec-2023
766,19,go left,left,left,yes,notOT,no,1,0,0,06-Dec-2023
767,19,go left,left,left,yes,notOT,no,0.6,0,0,06-Dec-2023
768,19,go left,left,right,yes,notOT,no,1.2,0,0,06-Dec-2023
769,19,go left,left,right,yes,notOT,no,0.8,0,0,06-Dec-2023
770,19,go left,left,left,yes,notOT,no,0.6,0,0,06-Dec-2023
771,19,go left,left,left,yes,notOT,no,0.6,0,0,06-Dec-2023
772,19,go left,right,right,no,notOT,no,1,0,0,06-Dec-2023
773,19,go left,left,left,yes,notOT,no,0.6,0,0,06-Dec-2023
774,19,go left,left,right,yes,notOT,no,0.8,0,0,06-Dec-2023
775,19,go left,left,left,yes,notOT,no,0.8,0,0,06-Dec-2023
776,19,go left,left,right,yes,notOT,no,0.8,0,0,06-Dec-2023
777,19,go left,left,left,yes,notOT,no,1,0,0,06-Dec-2023
778,19,go left,left,right,yes,notOT,no,0.8,0,0,06-Dec-2023
779,19,go left,left,left,yes,notOT,no,1,0,0,06-Dec-2023
780,19,go left,left,right,yes,notOT,no,0.8,0,0,06-Dec-2023
781,19,go left,right,right,no,notOT,no,0.8,0,0,06-Dec-2023
782,19,go left,left,left,yes,notOT,no,0.6,0,0,06-Dec-2023
783,19,go left,left,right,yes,notOT,no,0.8,0,0,06-Dec-2023
784,19,go left,left,left,yes,notOT,no,0.8,0,0,06-Dec-2023
785,19,go left,right,right,no,notOT,no,0.8,0,0,06-Dec-2023
786,19,go left,left,left,yes,notOT,no,0.8,0,0,06-Dec-2023
787,19,go left,left,right,yes,notOT,no,0.8,0,0,06-Dec-2023
788,19,go left,left,left,yes,notOT,no,0.8,0,0,06-Dec-2023
789,19,go left,left,right,yes,notOT,no,1,0,0,06-Dec-2023
790,19,go left,left,left,yes,notOT,no,0.8,0,0,06-Dec-2023
791,19,go left,left,right,yes,notOT,no,0.8,0,0,06-Dec-2023
792,19,go left,left,left,yes,notOT,no,0.8,0,0,06-Dec-2023
793,19,go left,left,left,yes,notOT,no,0.8,0,0,06-Dec-2023
794,19,go left,left,right,yes,notOT,no,0.6,0,0,06-Dec-2023
795,19,go left,left,right,yes,notOT,no,1,0,0,06-Dec-2023
796,21,go left,left,left,yes,notOT,no,1,0,1,22-Nov-2067
797,21,go left,left,right,yes,notOT,no,1,0,0,22-Nov-2067
798,21,go left,left,left,yes,notOT,no,0.8,0,0,22-Nov-2067
799,21,go left,left,right,yes,notOT,no,0.8,0,0,22-Nov-2067
800,21,go left,left,right,yes,notOT,no,1,0,0,22-Nov-2067
801,21,go left,left,left,yes,notOT,no,0.8,0,0,22-Nov-2067
802,21,go left,left,right,yes,notOT,no,0.8,0,0,22-Nov-2067
803,21,go left,left,left,yes,notOT,no,1,0,0,22-Nov-2067
804,21,go left,left,right,yes,notOT,no,1,0,0,22-Nov-2067
805,21,go left,left,left,yes,notOT,no,0.8,0,0,22-Nov-2067
806,21,go left,right,left,no,notOT,no,1,0,0,22-Nov-2067
807,21,go left,left,right,yes,notOT,no,0.8,0,0,22-Nov-2067
808,21,go left,left,right,yes,notOT,no,1,0,0,22-Nov-2067
809,21,go left,right,left,no,notOT,no,0.8,0,0,22-Nov-2067
810,21,go left,left,right,yes,notOT,no,1,0,0,22-Nov-2067
811,21,go left,left,left,yes,notOT,no,0.8,0,0,22-Nov-2067
812,21,go left,left,left,yes,notOT,no,0.6,0,0,22-Nov-2067
813,21,go left,left,right,yes,notOT,no,1.2,0,0,22-Nov-2067
814,21,go left,left,right,yes,notOT,no,1,0,0,22-Nov-2067
815,21,go left,right,left,no,notOT,no,1.4,0,0,22-Nov-2067
816,21,go right,left,right,no,notOT,no,1,1,0,22-Nov-2067
817,21,go right,right,left,yes,notOT,no,0.6,0,0,22-Nov-2067
818,21,go right,right,left,yes,notOT,no,0.8,0,0,22-Nov-2067
819,21,go right,left,right,no,notOT,no,1.2,0,0,22-Nov-2067
820,21,go right,left,right,no,notOT,no,0.8,0,0,22-Nov-2067
821,21,go right,right,left,yes,notOT,no,0.8,0,0,22-Nov-2067
822,21,go right,right,left,yes,notOT,no,0.8,0,0,22-Nov-2067
823,21,go right,right,right,yes,notOT,no,0.6,0,0,22-Nov-2067
824,21,go right,right,right,yes,notOT,no,1,0,0,22-Nov-2067
825,21,go right,right,left,yes,notOT,no,0.8,0,0,22-Nov-2067
826,21,go right,left,left,no,notOT,no,0.8,0,0,22-Nov-2067
827,21,go right,left,right,no,notOT,no,0.8,0,0,22-Nov-2067
828,21,go right,left,right,no,notOT,no,0.8,0,0,22-Nov-2067
829,21,go right,right,left,yes,notOT,no,0.6,0,0,22-Nov-2067
830,21,go right,left,left,no,notOT,no,0.8,0,0,22-Nov-2067
831,21,go right,right,right,yes,notOT,no,0.8,0,0,22-Nov-2067
832,21,go right,right,right,yes,notOT,no,0.8,0,0,22-Nov-2067
833,21,go right,right,left,yes,notOT,no,1.2,0,0,22-Nov-2067
834,21,go right,right,right,yes,notOT,no,1,0,0,22-Nov-2067
835,21,go right,right,left,yes,notOT,no,1,0,0,22-Nov-2067
836,21,go right,right,right,yes,notOT,no,1.8,0,0,22-Nov-2067
837,21,go right,left,left,no,notOT,no,2.2,0,0,22-Nov-2067
838,21,go right,right,right,yes,notOT,no,0.8,0,0,22-Nov-2067
839,21,go right,left,left,no,notOT,no,1,0,0,22-Nov-2067
840,21,go right,right,right,yes,notOT,no,0.8,0,0,22-Nov-2067
841,21,go right,left,left,no,notOT,no,0.8,0,0,22-Nov-2067
842,21,go right,left,right,no,notOT,no,2.8,0,0,22-Nov-2067
843,21,go right,right,left,yes,notOT,no,0.8,0,0,22-Nov-2067
844,21,go right,right,left,yes,notOT,no,1.4,0,0,22-Nov-2067
845,21,go right,right,right,yes,notOT,no,0.6,0,0,22-Nov-2067
846,21,go right,right,left,yes,notOT,no,0.8,0,0,22-Nov-2067
847,21,go right,right,right,yes,notOT,no,0.8,0,0,22-Nov-2067
848,21,go right,right,left,yes,notOT,no,0.8,0,0,22-Nov-2067
849,21,go right,left,right,no,notOT,no,0.8,0,0,22-Nov-2067
850,21,go right,left,left,no,notOT,no,0.4,0,0,22-Nov-2067
851,21,go right,right,right,yes,notOT,no,0.8,0,0,22-Nov-2067
852,21,go right,right,left,yes,notOT,no,0.8,0,0,22-Nov-2067
853,21,go right,right,right,yes,notOT,no,1,0,0,22-Nov-2067
854,21,go right,right,right,yes,notOT,no,0.6,0,0,22-Nov-2067
855,21,go right,right,left,yes,notOT,no,0.8,0,0,22-Nov-2067
856,21,go right,right,left,yes,notOT,no,1.2,0,0,22-Nov-2067
857,21,go right,right,right,yes,notOT,no,0.8,0,0,22-Nov-2067
858,21,go right,right,right,yes,notOT,no,0.8,0,0,22-Nov-2067
859,21,go right,right,left,yes,notOT,no,0.8,0,0,22-Nov-2067
860,21,go right,right,right,yes,notOT,no,1.2,0,0,22-Nov-2067
